{"autoForce":true,"autoCurve":"RANDOM","spamActivation":"DISTANCE","parryDistance":2.13,"autoRaging":true,"autoRapture":true,"curveResistance":0.6,"autoSpamSpeed":4,"abilityVelocity":100,"autoPull":true,"customTarget":true,"showVisualizer":true,"antiLag":false,"antiPull":true,"showInfo":false,"antiCurve":true,"abilityChance":100,"autoDeathSlash":true,"spamMode":"FAST","autoParry":true,"autoTelekinesis":true,"antiTelekinesis":true,"abilityCooldown":3,"autoSpamTime":0.45,"autoInvisibility":true,"autoFlashCounter":true,"autoSpam":true}